user_id;country
1;Germany
2;Canada
3;France
4;United States
5;India
6;Germany
7;Brazil
8;Japan
9;France
10;Australia
11;Poland
12;United Kingdom
13;Canada
14;Italy
15;Spain
16;Netherlands
17;Germany
18;Sweden
19;United States
20;Mexico
21;Brazil
22;Argentina
23;France
24;Canada
25;Japan
26;South Korea
27;India
28;Germany
29;Australia
30;United Kingdom
31;France
32;Poland
33;Italy
34;Spain
35;Canada
36;United States
37;Brazil
38;India
39;Japan
40;Netherlands
41;Germany
42;France
43;Sweden
44;Norway
45;Finland
46;Denmark
47;Canada
48;United States
49;Mexico
50;Brazil
51;Argentina
52;Chile
53;Peru
54;Colombia
55;France
56;Germany
57;Italy
58;Spain
59;Portugal
60;Greece
61;Turkey
62;Israel
63;Egypt
64;South Africa
65;Nigeria
66;Kenya
67;India
68;Pakistan
69;Bangladesh
70;China
71;Japan
72;South Korea
73;Thailand
74;Vietnam
75;Malaysia
76;Singapore
77;Indonesia
78;Philippines
79;Australia
80;New Zealand
81;United States
82;Canada
83;Germany
84;France
85;Italy
86;Spain
87;Poland
88;Ukraine
89;Romania
90;Bulgaria
91;Serbia
92;Croatia
93;Slovenia
94;Austria
95;Switzerland
96;Belgium
97;Netherlands
98;Ireland
99;United Kingdom
100;France
